                  epoch,         train/box_loss,         train/cls_loss,         train/dfl_loss,   metrics/precision(B),      metrics/recall(B),       metrics/mAP50(B),    metrics/mAP50-95(B),           val/box_loss,           val/cls_loss,           val/dfl_loss,                 lr/pg0,                 lr/pg1,                 lr/pg2
                      1,                  3.494,                 3.7749,                 3.8443,                0.00084,                0.27345,                0.00071,                  9e-05,                 3.9376,                 4.2323,                 4.1879,               0.000225,               0.000225,               0.000225
                      2,                 3.3099,                 3.6306,                 3.7138,                0.00071,                0.28139,                0.00173,                0.00019,                 3.8612,                 4.3005,                 4.1319,             0.00046067,             0.00046067,             0.00046067
                      3,                 3.0588,                 3.5093,                 3.5036,                0.00319,                0.91378,                0.02306,                0.00466,                  2.812,                 3.9442,                 3.5366,             0.00069446,             0.00069446,             0.00069446
                      4,                 2.8197,                 3.3947,                 3.2933,                0.00674,                      1,                0.09283,                0.03022,                 2.0667,                 9.2116,                 2.9968,             0.00092636,             0.00092636,             0.00092636
                      5,                 2.5989,                 3.3087,                 3.0966,                0.00335,                 0.9881,                0.06151,                0.02058,                 1.8996,                 4.0766,                 2.9197,              0.0011564,              0.0011564,              0.0011564
                      6,                 2.4156,                 3.2332,                 2.9389,                0.33522,                0.12392,                0.08191,                0.02969,                 1.9478,                 7.3658,                 2.9049,              0.0012252,              0.0012252,              0.0012252
                      7,                 2.2961,                 3.1468,                 2.8158,                0.26878,                    0.5,                0.04196,                0.01765,                 1.9943,                  8.921,                 3.2271,              0.0012252,              0.0012252,              0.0012252
                      8,                 2.1332,                 2.9331,                 2.6676,                0.01512,                0.62103,                0.02842,                0.01164,                 1.9871,                 4.5443,                  2.895,              0.0012203,              0.0012203,              0.0012203
                      9,                 1.9843,                 2.7597,                 2.5113,                 0.0577,                0.66865,                0.10655,                0.04619,                 1.7787,                 4.9258,                 2.8556,              0.0012154,              0.0012154,              0.0012154
                     10,                 1.9782,                 2.6906,                 2.4344,                0.16359,                0.72132,                0.27113,                  0.137,                 1.7124,                 3.1931,                 2.6446,              0.0012104,              0.0012104,              0.0012104
                     11,                 1.8559,                 2.5585,                 2.3201,                0.12096,                0.60065,                0.19885,                0.08612,                 1.8886,                 2.6368,                 2.8361,              0.0012055,              0.0012055,              0.0012055
                     12,                 1.8277,                  2.533,                 2.2991,                0.20636,                0.70653,                0.30702,                0.13111,                 1.8537,                  2.303,                 2.7288,              0.0012005,              0.0012005,              0.0012005
                     13,                 1.7685,                 2.4268,                 2.2101,                0.20849,                0.16468,                 0.2103,                0.08105,                 1.7709,                 2.5565,                 2.7915,              0.0011955,              0.0011955,              0.0011955
                     14,                 1.6764,                 2.3966,                 2.1502,                0.05973,                0.32774,                0.08483,                0.03485,                 1.9755,                  2.947,                 3.0644,              0.0011906,              0.0011906,              0.0011906
                     15,                 1.6524,                   2.34,                 2.1391,                0.23119,                0.65783,                0.30948,                0.17894,                 1.5084,                 2.1358,                 2.3956,              0.0011856,              0.0011856,              0.0011856
                     16,                   1.61,                 2.2815,                 2.0828,                0.24372,                 0.6358,                0.37848,                0.17066,                 1.8676,                 2.4419,                 2.6231,              0.0011807,              0.0011807,              0.0011807
                     17,                  1.601,                 2.2161,                 2.0717,                0.23796,                0.57324,                0.28689,                0.13336,                 1.6012,                 2.5243,                 2.4485,              0.0011757,              0.0011757,              0.0011757
                     18,                 1.6145,                 2.1711,                 2.0565,                0.29379,                0.56804,                0.40276,                0.21279,                 1.5879,                 2.4667,                 2.3566,              0.0011708,              0.0011708,              0.0011708
                     19,                 1.5506,                 2.1239,                 2.0026,                0.32604,                0.80862,                0.45799,                0.27072,                 1.4292,                 2.0276,                 2.2975,              0.0011658,              0.0011658,              0.0011658
                     20,                 1.5234,                 2.1102,                 1.9716,                0.27328,                 0.7877,                0.47401,                0.24556,                 1.5782,                 2.0572,                   2.37,              0.0011609,              0.0011609,              0.0011609
                     21,                 1.4686,                 2.0363,                 1.9158,                0.30566,                0.75176,                0.50152,                0.30562,                  1.361,                 2.1349,                  2.293,              0.0011559,              0.0011559,              0.0011559
                     22,                 1.4835,                 2.0423,                 1.9185,                0.24734,                0.76073,                0.37546,                0.19883,                 1.3798,                  2.244,                 2.3337,               0.001151,               0.001151,               0.001151
                     23,                 1.4409,                 1.9629,                 1.8904,                0.26425,                0.86234,                 0.4409,                0.24466,                 1.4915,                 1.9383,                 2.3695,              0.0011461,              0.0011461,              0.0011461
                     24,                 1.4304,                 1.9729,                 1.8714,                 0.3629,                0.80733,                0.50995,                0.30557,                 1.3709,                 1.8161,                 2.2157,              0.0011411,              0.0011411,              0.0011411
                     25,                 1.3821,                 1.9498,                   1.88,                 0.3453,                0.74809,                0.47201,                0.28633,                 1.4298,                 1.7318,                 2.3134,              0.0011362,              0.0011362,              0.0011362
                     26,                 1.3772,                 1.8651,                  1.824,                0.38866,                0.67203,                0.48103,                0.26783,                 1.5565,                 1.8541,                 2.3125,              0.0011312,              0.0011312,              0.0011312
                     27,                 1.3957,                 1.9027,                 1.8393,                0.38369,                 0.8373,                0.49133,                0.27818,                 1.4827,                 1.8083,                 2.2578,              0.0011263,              0.0011263,              0.0011263
                     28,                  1.405,                  1.874,                 1.8464,                0.34338,                0.87103,                0.43719,                0.26883,                 1.4203,                 1.6485,                 2.2276,              0.0011213,              0.0011213,              0.0011213
                     29,                 1.3644,                 1.8698,                 1.8228,                0.34305,                0.84921,                0.51582,                0.27972,                  1.582,                 1.6916,                 2.3777,              0.0011164,              0.0011164,              0.0011164
                     30,                 1.3713,                 1.8611,                 1.7828,                0.33339,                 0.8427,                0.50332,                0.30641,                 1.3773,                 1.8722,                 2.2683,              0.0011114,              0.0011114,              0.0011114
                     31,                 1.3073,                 1.8261,                  1.761,                0.35425,                 0.7909,                0.51121,                0.30845,                 1.3975,                 1.7802,                 2.1811,              0.0011065,              0.0011065,              0.0011065
                     32,                 1.3555,                 1.7964,                 1.7857,                0.32276,                0.86706,                0.54842,                0.34138,                 1.3363,                 1.5779,                 2.1287,              0.0011015,              0.0011015,              0.0011015
                     33,                 1.2736,                 1.8049,                 1.7509,                 0.3554,                0.84524,                0.54799,                0.33129,                 1.3114,                 1.5762,                 2.1208,              0.0010965,              0.0010965,              0.0010965
                     34,                 1.3495,                 1.7807,                 1.7428,                0.39421,                0.86785,                0.67344,                0.43038,                 1.2863,                 1.4545,                 2.1009,              0.0010916,              0.0010916,              0.0010916
                     35,                 1.2932,                 1.7726,                  1.744,                0.36274,                 0.7877,                 0.5784,                0.37702,                  1.277,                 1.5028,                 2.0501,              0.0010866,              0.0010866,              0.0010866
                     36,                 1.3261,                  1.765,                 1.7558,                0.35696,                0.84523,                0.51136,                0.33738,                 1.2856,                 1.6036,                 2.0687,              0.0010817,              0.0010817,              0.0010817
                     37,                 1.2571,                 1.7276,                 1.7063,                0.44815,                0.81948,                0.64411,                0.40732,                  1.313,                 1.6286,                 2.1107,              0.0010768,              0.0010768,              0.0010768
                     38,                 1.2832,                 1.7277,                 1.7143,                0.57593,                0.80069,                 0.7215,                0.43708,                 1.3175,                 1.3645,                 2.1478,              0.0010718,              0.0010718,              0.0010718
                     39,                 1.3203,                 1.7344,                 1.7562,                0.39579,                0.86626,                0.50268,                0.29652,                 1.3269,                 1.7737,                 2.1027,              0.0010669,              0.0010669,              0.0010669
                     40,                 1.2932,                 1.7567,                 1.7457,                0.32648,                0.78968,                0.51487,                0.29213,                 1.5658,                 1.6178,                 2.4584,              0.0010619,              0.0010619,              0.0010619
                     41,                 1.2326,                 1.6965,                 1.7152,                0.36884,                0.89087,                 0.5875,                0.36983,                 1.4156,                 1.7581,                 2.2109,               0.001057,               0.001057,               0.001057
                     42,                 1.2357,                  1.655,                 1.6877,                0.50547,                0.81697,                0.72495,                0.46237,                 1.3084,                 1.3095,                  2.027,               0.001052,               0.001052,               0.001052
                     43,                 1.2232,                 1.6652,                 1.6835,                  0.533,                0.75765,                0.64306,                0.41408,                 1.2459,                 1.4659,                 2.0869,               0.001047,               0.001047,               0.001047
                     44,                 1.2034,                  1.645,                 1.6604,                0.55583,                0.76118,                0.71241,                0.48429,                 1.2192,                 1.2513,                 2.0011,              0.0010421,              0.0010421,              0.0010421
                     45,                 1.2083,                 1.6177,                 1.6725,                0.49547,                0.85125,                0.69809,                0.46504,                 1.3124,                 1.3642,                 2.0769,              0.0010372,              0.0010372,              0.0010372
                     46,                 1.2277,                 1.6231,                 1.6671,                0.44556,                0.87155,                0.73593,                0.47502,                 1.3302,                 1.3112,                 2.1166,              0.0010322,              0.0010322,              0.0010322
                     47,                 1.1924,                 1.6156,                 1.6518,                0.47733,                0.93452,                0.73394,                0.47485,                 1.2065,                 1.2688,                 1.9977,              0.0010273,              0.0010273,              0.0010273
                     48,                 1.1935,                 1.6025,                 1.6559,                0.61344,                0.81597,                0.72648,                0.48221,                 1.0992,                 1.2903,                 1.9438,              0.0010223,              0.0010223,              0.0010223
                     49,                 1.1568,                 1.5524,                 1.6371,                0.46236,                 0.8288,                0.72621,                0.48051,                  1.208,                 1.2988,                 2.0055,              0.0010173,              0.0010173,              0.0010173
                     50,                 1.2142,                  1.576,                 1.6612,                0.58712,                 0.8173,                0.75371,                0.47653,                 1.3636,                 1.2116,                 2.0854,              0.0010124,              0.0010124,              0.0010124
                     51,                 1.1582,                 1.5035,                 1.6043,                0.42197,                0.80258,                0.67781,                0.44549,                 1.2889,                 1.5371,                 2.0071,              0.0010075,              0.0010075,              0.0010075
                     52,                 1.1548,                 1.5262,                 1.6186,                 0.4859,                0.81891,                0.66583,                0.44431,                 1.1863,                 1.4581,                  1.926,              0.0010025,              0.0010025,              0.0010025
                     53,                 1.1624,                 1.5059,                 1.6124,                0.55878,                 0.8712,                0.72512,                0.49536,                 1.1615,                 1.1971,                 1.9607,             0.00099755,             0.00099755,             0.00099755
                     54,                 1.1985,                 1.5456,                  1.635,                0.55393,                0.73485,                0.71245,                0.48325,                 1.1689,                  1.221,                 1.9012,              0.0009926,              0.0009926,              0.0009926
                     55,                 1.1663,                 1.5245,                 1.6166,                0.55237,                0.80825,                0.76338,                0.52295,                 1.2164,                 1.1887,                  2.045,             0.00098765,             0.00098765,             0.00098765
                     56,                 1.1706,                 1.5038,                 1.6219,                0.47753,                0.79076,                0.71844,                 0.5006,                 1.1549,                 1.2363,                 1.9125,              0.0009827,              0.0009827,              0.0009827
                     57,                 1.1118,                 1.4585,                  1.585,                0.64082,                 0.7978,                0.76202,                0.52507,                 1.1599,                 1.1493,                 1.9159,             0.00097775,             0.00097775,             0.00097775
                     58,                 1.1588,                 1.5034,                 1.6314,                0.58087,                0.74416,                0.72597,                0.48075,                 1.1736,                 1.1908,                 1.9572,              0.0009728,              0.0009728,              0.0009728
                     59,                 1.1547,                 1.5164,                 1.6247,                0.53588,                0.78175,                0.75041,                0.49066,                  1.393,                 1.2774,                 2.1564,             0.00096785,             0.00096785,             0.00096785
                     60,                 1.1646,                 1.4853,                 1.6102,                0.45304,                0.78102,                0.68839,                 0.4745,                 1.2344,                 1.3764,                 1.9827,              0.0009629,              0.0009629,              0.0009629
                     61,                 1.1505,                  1.432,                 1.5784,                0.79647,                0.66464,                0.81874,                0.53496,                 1.2839,                 1.1334,                 1.9895,             0.00095795,             0.00095795,             0.00095795
                     62,                 1.1311,                 1.4242,                 1.5855,                0.71766,                0.74281,                0.86264,                0.59562,                 1.1333,                 1.0535,                 1.8665,               0.000953,               0.000953,               0.000953
                     63,                 1.1214,                 1.4466,                 1.5745,                0.64919,                 0.7987,                0.83181,                0.59371,                 1.1131,                 1.0276,                 1.8776,             0.00094805,             0.00094805,             0.00094805
                     64,                 1.1088,                 1.4067,                 1.5743,                0.59927,                0.77489,                0.79886,                0.54832,                 1.1272,                 1.2295,                  1.895,              0.0009431,              0.0009431,              0.0009431
                     65,                 1.0493,                 1.3903,                 1.5344,                0.69857,                0.78725,                0.83427,                0.59342,                 1.0929,                  1.048,                 1.8344,             0.00093815,             0.00093815,             0.00093815
                     66,                 1.0899,                 1.3551,                 1.5602,                0.78468,                0.78685,                0.85763,                0.58249,                  1.146,                  1.069,                 1.8557,              0.0009332,              0.0009332,              0.0009332
                     67,                 1.0657,                 1.3783,                 1.5589,                0.54335,                0.84709,                0.83549,                0.54643,                 1.1942,                 1.1764,                 1.8927,             0.00092825,             0.00092825,             0.00092825
                     68,                 1.1076,                 1.4119,                 1.5779,                 0.5929,                0.88023,                0.87774,                0.60582,                 1.1936,                  1.169,                 1.9306,              0.0009233,              0.0009233,              0.0009233
                     69,                 1.0641,                 1.3126,                 1.5508,                0.69562,                0.75147,                 0.8547,                0.59455,                 1.2045,                 1.1366,                 1.9278,             0.00091835,             0.00091835,             0.00091835
                     70,                 1.1251,                 1.3533,                 1.5659,                 0.8226,                0.77409,                0.87477,                0.62789,                 1.0619,                 1.0122,                 1.8013,              0.0009134,              0.0009134,              0.0009134
                     71,                 1.0842,                 1.3324,                 1.5353,                0.77773,                0.81505,                0.88046,                0.61181,                 1.1217,                0.98019,                 1.8815,             0.00090845,             0.00090845,             0.00090845
                     72,                 1.0609,                 1.3162,                 1.5467,                0.65947,                0.89346,                 0.9242,                 0.6505,                 1.1108,                0.96043,                 1.8731,              0.0009035,              0.0009035,              0.0009035
                     73,                 1.0765,                 1.2429,                 1.5373,                0.70278,                0.85656,                0.91848,                0.67006,                 1.1121,                 1.0907,                 1.9598,             0.00089855,             0.00089855,             0.00089855
                     74,                 1.0953,                 1.3583,                 1.5799,                0.71275,                0.81907,                0.89939,                0.64149,                 1.0765,                 1.0607,                 1.8084,              0.0008936,              0.0008936,              0.0008936
                     75,                 1.0838,                 1.3496,                 1.5292,                0.77304,                0.72591,                0.88052,                0.63886,                 1.0094,                 1.0871,                 1.7331,             0.00088865,             0.00088865,             0.00088865
                     76,                 1.0452,                   1.29,                 1.5448,                0.87275,                 0.8211,                0.89436,                0.61372,                 1.2103,                0.98673,                 2.0558,              0.0008837,              0.0008837,              0.0008837
                     77,                 1.0682,                 1.2119,                 1.5224,                0.69678,                0.89976,                0.91714,                0.67647,                 1.0835,                 1.0736,                 1.8408,             0.00087875,             0.00087875,             0.00087875
                     78,                 1.0438,                 1.2424,                  1.515,                0.85567,                 0.8262,                0.93263,                0.66294,                 1.0586,                0.94926,                 1.7844,              0.0008738,              0.0008738,              0.0008738
                     79,                 1.0504,                 1.2504,                 1.5013,                0.81196,                0.85077,                0.92316,                0.68762,                  1.023,                0.94961,                 1.8137,             0.00086885,             0.00086885,             0.00086885
                     80,                 1.0485,                 1.2107,                 1.5214,                0.90638,                0.81017,                0.92569,                0.67326,                0.99141,                0.88192,                 1.6877,              0.0008639,              0.0008639,              0.0008639
                     81,                  1.021,                  1.214,                  1.489,                 0.7824,                0.88208,                0.91801,                0.68724,                 1.0367,                0.90326,                 1.7658,             0.00085895,             0.00085895,             0.00085895
                     82,                 1.0047,                 1.1687,                 1.4811,                 0.6456,                0.83392,                0.83403,                0.60983,                 1.1234,                 1.0458,                 1.8531,               0.000854,               0.000854,               0.000854
                     83,                 1.0098,                  1.156,                 1.4755,                0.74909,                0.82568,                0.91276,                0.65182,                 1.0597,                 1.0327,                 1.8421,             0.00084905,             0.00084905,             0.00084905
                     84,                 1.0131,                 1.1932,                 1.5113,                0.95791,                0.85626,                0.96732,                0.70823,                 1.0478,                0.77724,                 1.7745,              0.0008441,              0.0008441,              0.0008441
                     85,                 1.0293,                 1.1283,                 1.5043,                 0.9593,                 0.8679,                 0.9547,                0.67041,                 1.0728,                0.82253,                 1.7467,             0.00083915,             0.00083915,             0.00083915
                     86,                 1.0093,                 1.1803,                 1.5005,                0.89793,                0.92292,                 0.9648,                0.69736,                  1.061,                 0.7606,                 1.7852,              0.0008342,              0.0008342,              0.0008342
                     87,                0.98902,                  1.162,                 1.4874,                 0.6699,                0.86196,                0.93607,                0.62507,                 1.1247,                 1.0845,                 1.8198,             0.00082925,             0.00082925,             0.00082925
                     88,                 1.0295,                 1.1746,                 1.4935,                0.94613,                0.86656,                0.96537,                0.71013,                 1.0369,                0.76697,                 1.7321,              0.0008243,              0.0008243,              0.0008243
                     89,                 1.0354,                 1.1335,                 1.4852,                0.81131,                0.87736,                0.93227,                0.68917,                 1.0734,                0.83776,                 1.7718,             0.00081935,             0.00081935,             0.00081935
                     90,                 1.0027,                 1.1414,                 1.4905,                0.89787,                 0.8256,                0.93182,                 0.6703,                 1.0699,                0.81237,                  1.791,              0.0008144,              0.0008144,              0.0008144
                     91,                0.96599,                 1.0953,                 1.4415,                0.72529,                0.71754,                0.88084,                0.63543,                  1.128,                 1.2854,                 1.8316,             0.00080945,             0.00080945,             0.00080945
                     92,                0.99655,                 1.0861,                 1.4714,                0.89208,                0.85849,                0.95621,                0.68887,                 1.0852,                0.74682,                 1.7984,              0.0008045,              0.0008045,              0.0008045
                     93,                0.98339,                 1.0506,                 1.4495,                0.77372,                0.85949,                 0.9533,                0.71854,                0.99789,                0.90173,                  1.695,             0.00079955,             0.00079955,             0.00079955
                     94,                0.97099,                 1.0436,                  1.431,                0.90523,                0.88911,                0.95243,                 0.7001,                 1.0575,                0.80648,                  1.855,              0.0007946,              0.0007946,              0.0007946
                     95,                 1.0191,                 1.0841,                  1.491,                0.95701,                0.88214,                 0.9752,                0.72236,                 1.0211,                0.69949,                  1.761,             0.00078965,             0.00078965,             0.00078965
                     96,                0.98284,                 1.0357,                 1.4811,                0.95444,                 0.8646,                0.96135,                0.70009,                 1.0808,                0.68882,                 1.7747,              0.0007847,              0.0007847,              0.0007847
                     97,                0.96363,                 0.9814,                 1.4318,                0.95373,                 0.8871,                0.96271,                0.74136,                 0.9791,                 0.6966,                   1.66,             0.00077975,             0.00077975,             0.00077975
                     98,                 1.0127,                 1.0509,                 1.4762,                0.93244,                 0.9105,                0.96523,                0.70332,                 1.0531,                0.70049,                 1.7194,              0.0007748,              0.0007748,              0.0007748
                     99,                0.97815,                 1.0143,                 1.4685,                0.88357,                0.89632,                0.96615,                0.70407,                 1.1097,                0.69597,                 1.8046,             0.00076985,             0.00076985,             0.00076985
                    100,                0.92032,                0.92818,                 1.4205,                0.85737,                0.92482,                0.96063,                0.71885,                0.98746,                 0.7496,                 1.6743,              0.0007649,              0.0007649,              0.0007649
                    101,                0.96335,                 1.0417,                 1.4624,                0.90545,                0.87708,                0.96259,                0.72644,                0.97562,                0.73259,                 1.6699,             0.00075995,             0.00075995,             0.00075995
                    102,                0.97915,                 1.0543,                 1.4634,                0.88373,                0.94821,                0.98096,                0.70475,                 1.0656,                0.70044,                 1.7798,               0.000755,               0.000755,               0.000755
                    103,                  0.957,                 1.0288,                 1.4645,                0.95619,                0.91137,                0.96693,                0.74445,                0.91268,                0.63106,                 1.6259,             0.00075005,             0.00075005,             0.00075005
                    104,                0.93969,                0.99839,                 1.4248,                0.93797,                0.89124,                0.97516,                0.73881,                0.96823,                0.67745,                 1.6635,              0.0007451,              0.0007451,              0.0007451
                    105,                0.98361,                0.99636,                 1.4768,                0.95739,                0.92513,                 0.9707,                0.73679,                0.97448,                  0.714,                 1.6698,             0.00074015,             0.00074015,             0.00074015
                    106,                0.95694,                0.99351,                 1.4688,                0.96964,                0.92376,                0.98158,                0.75464,                0.97518,                0.64608,                  1.686,              0.0007352,              0.0007352,              0.0007352
                    107,                0.91653,                0.91578,                 1.4274,                0.95152,                0.90493,                0.97207,                0.73509,                 0.9791,                0.62165,                 1.6497,             0.00073025,             0.00073025,             0.00073025
                    108,                0.93144,                0.95806,                 1.4256,                0.88413,                 0.9071,                0.96505,                0.70823,                 1.0129,                0.71368,                 1.6499,              0.0007253,              0.0007253,              0.0007253
                    109,                0.96898,                0.99135,                 1.4416,                0.93067,                0.90303,                0.97723,                0.73821,                0.94265,                0.71531,                 1.5812,             0.00072035,             0.00072035,             0.00072035
                    110,                0.94401,                 1.0057,                 1.4356,                0.92872,                0.94897,                0.99016,                0.73915,                0.96501,                 0.6207,                 1.6287,              0.0007154,              0.0007154,              0.0007154
                    111,                0.92935,                 0.9439,                 1.4258,                0.88607,                0.94404,                0.97844,                0.73566,                 1.0013,                0.67814,                 1.6864,             0.00071045,             0.00071045,             0.00071045
                    112,                 0.8963,                0.96705,                 1.4006,                0.94777,                0.87729,                0.97932,                0.72471,                 1.0136,                0.70374,                 1.7766,              0.0007055,              0.0007055,              0.0007055
                    113,                0.91949,                0.95531,                 1.4128,                0.85771,                0.92048,                0.96842,                0.73323,                0.97998,                0.72754,                 1.6698,             0.00070055,             0.00070055,             0.00070055
                    114,                0.87947,                0.89989,                 1.3843,                0.97275,                0.92489,                0.98587,                 0.7477,                0.96179,                0.63394,                 1.6612,              0.0006956,              0.0006956,              0.0006956
                    115,                0.89536,                0.88762,                 1.3835,                0.97417,                0.94049,                0.98955,                0.75447,                0.96959,                0.60096,                 1.6435,             0.00069065,             0.00069065,             0.00069065
                    116,                0.91723,                0.92777,                 1.4331,                0.87947,                0.93617,                0.98193,                0.74933,                0.93767,                0.71097,                 1.6387,              0.0006857,              0.0006857,              0.0006857
                    117,                0.91091,                0.94678,                 1.3924,                0.89496,                0.97068,                0.99253,                0.75686,                0.91783,                0.62526,                 1.5634,             0.00068075,             0.00068075,             0.00068075
                    118,                0.89897,                0.90829,                 1.3879,                0.96566,                0.91489,                 0.9858,                0.75925,                0.92673,                0.60188,                  1.585,              0.0006758,              0.0006758,              0.0006758
                    119,                0.95057,                0.90117,                 1.4316,                0.99721,                0.92288,                0.98836,                0.75932,                0.90953,                0.60385,                 1.5941,             0.00067085,             0.00067085,             0.00067085
                    120,                0.94803,                 0.9146,                  1.439,                0.95822,                0.94417,                0.98823,                0.70519,                0.99162,                  0.623,                   1.62,              0.0006659,              0.0006659,              0.0006659
                    121,                0.91426,                0.89223,                 1.4048,                0.95881,                 0.9602,                0.98664,                0.74592,                0.94834,                 0.5612,                 1.6458,             0.00066095,             0.00066095,             0.00066095
                    122,                0.88993,                0.87006,                 1.3973,                0.96931,                0.97908,                0.98752,                 0.7459,                0.92962,                0.56345,                 1.5629,               0.000656,               0.000656,               0.000656
                    123,                0.92297,                0.88571,                 1.4133,                0.94457,                0.92378,                0.98413,                0.72661,                0.94817,                0.64292,                 1.6279,             0.00065105,             0.00065105,             0.00065105
                    124,                 0.9018,                0.94457,                 1.4148,                0.93112,                0.91378,                 0.9824,                0.73955,                0.93867,                0.63583,                 1.6022,              0.0006461,              0.0006461,              0.0006461
                    125,                0.89176,                0.87511,                 1.4124,                0.91173,                  0.975,                0.99056,                 0.7533,                0.88414,                0.56233,                 1.5242,             0.00064115,             0.00064115,             0.00064115
                    126,                0.92758,                0.95819,                 1.4256,                0.94954,                0.94959,                0.98546,                0.76753,                 0.8903,                 0.5835,                 1.5364,              0.0006362,              0.0006362,              0.0006362
                    127,                 0.9158,                0.83704,                 1.4024,                0.98578,                0.89915,                0.98752,                0.77224,                0.95526,                0.60058,                 1.6287,             0.00063125,             0.00063125,             0.00063125
                    128,                0.87512,                 0.8655,                 1.3803,                0.94121,                0.94118,                0.98634,                0.75015,                0.96085,                0.61976,                 1.6317,              0.0006263,              0.0006263,              0.0006263
                    129,                0.90954,                0.88977,                  1.415,                0.95486,                0.98008,                   0.99,                0.75226,                0.95845,                 0.5902,                 1.6675,             0.00062135,             0.00062135,             0.00062135
                    130,                0.87387,                0.84553,                 1.3699,                0.94373,                0.97526,                0.99165,                0.79215,                0.91036,                 0.5619,                 1.5535,              0.0006164,              0.0006164,              0.0006164
                    131,                0.90145,                0.89254,                  1.389,                0.91934,                0.94385,                0.98187,                0.73243,                0.92624,                0.60904,                 1.5864,             0.00061145,             0.00061145,             0.00061145
                    132,                0.84971,                 0.8289,                 1.3533,                0.89397,                0.93308,                0.93894,                0.73258,                0.85911,                0.71456,                 1.5252,              0.0006065,              0.0006065,              0.0006065
                    133,                0.89511,                0.82383,                 1.4002,                0.92337,                0.89934,                0.98706,                0.77767,                0.86229,                0.64241,                  1.517,             0.00060155,             0.00060155,             0.00060155
                    134,                0.91895,                 0.8883,                 1.3868,                0.94978,                0.97255,                0.99096,                0.74872,                0.95096,                0.55703,                 1.6399,              0.0005966,              0.0005966,              0.0005966
                    135,                0.90064,                0.84694,                 1.3982,                 0.9687,                0.92998,                0.99242,                0.73175,                0.94565,                0.57664,                 1.5778,             0.00059165,             0.00059165,             0.00059165
                    136,                0.90068,                0.90066,                 1.4098,                0.91068,                0.96768,                0.98877,                0.77351,                0.87061,                0.55486,                 1.5265,              0.0005867,              0.0005867,              0.0005867
                    137,                0.90519,                 0.8661,                 1.3764,                0.92388,                0.95431,                0.98367,                0.76302,                0.91134,                0.62441,                  1.549,             0.00058175,             0.00058175,             0.00058175
                    138,                0.93698,                0.89309,                 1.4113,                0.92555,                0.96057,                0.98806,                0.75592,                0.93217,                0.60916,                  1.558,              0.0005768,              0.0005768,              0.0005768
                    139,                0.86666,                0.81813,                 1.3684,                0.99067,                 0.9593,                0.99304,                0.74714,                0.91748,                0.53213,                 1.5656,             0.00057185,             0.00057185,             0.00057185
                    140,                0.86651,                0.79062,                 1.3543,                0.97705,                0.94484,                0.99152,                0.78847,                0.81194,                0.50777,                 1.4591,              0.0005669,              0.0005669,              0.0005669
                    141,                0.84578,                0.79586,                 1.3564,                0.97415,                  0.946,                 0.9919,                0.77012,                  0.872,                0.53671,                 1.4955,             0.00056195,             0.00056195,             0.00056195
                    142,                0.91748,                0.86859,                 1.4163,                0.95508,                0.98018,                0.99177,                0.79871,                0.87766,                0.49917,                 1.5164,               0.000557,               0.000557,               0.000557
                    143,                0.86837,                0.83792,                 1.3683,                0.82608,                0.90583,                0.97102,                0.74704,                 0.8981,                0.79912,                 1.5278,             0.00055205,             0.00055205,             0.00055205
                    144,                0.83159,                 0.8388,                 1.3683,                0.94774,                0.96519,                0.99057,                0.79378,                0.84236,                0.52215,                 1.4554,              0.0005471,              0.0005471,              0.0005471
                    145,                0.83275,                0.81574,                 1.3365,                0.98301,                0.95433,                0.99455,                0.78406,                0.87405,                0.52724,                 1.5044,             0.00054215,             0.00054215,             0.00054215
                    146,                0.83905,                0.79309,                 1.3492,                 0.9686,                0.97704,                0.99274,                0.75474,                0.88048,                 0.5088,                 1.4997,              0.0005372,              0.0005372,              0.0005372
                    147,                0.82125,                0.79589,                 1.3267,                0.97936,                0.96678,                0.99398,                 0.7962,                0.80308,                0.50311,                 1.4409,             0.00053225,             0.00053225,             0.00053225
                    148,                0.83031,                0.75995,                 1.3476,                0.95741,                0.98322,                0.99236,                0.77721,                0.84575,                0.52553,                 1.4684,              0.0005273,              0.0005273,              0.0005273
                    149,                 0.8355,                0.79944,                 1.3487,                0.97693,                0.95365,                0.99024,                0.79852,                0.80333,                0.52332,                 1.4514,             0.00052235,             0.00052235,             0.00052235
                    150,                0.83194,                 0.7549,                 1.3596,                0.92561,                0.96551,                0.98095,                0.76748,                0.84008,                0.55952,                  1.469,              0.0005174,              0.0005174,              0.0005174
                    151,                0.79739,                0.75779,                 1.3208,                0.98128,                0.96937,                0.99308,                0.80899,                 0.7659,                0.48414,                 1.4358,             0.00051245,             0.00051245,             0.00051245
                    152,                0.83355,                0.77082,                 1.3451,                0.97239,                0.97839,                  0.995,                0.73632,                0.93106,                0.54715,                 1.5494,              0.0005075,              0.0005075,              0.0005075
                    153,                0.84981,                0.74905,                 1.3619,                0.98896,                0.93836,                0.99375,                0.79747,                0.81702,                0.50177,                 1.4737,             0.00050255,             0.00050255,             0.00050255
                    154,                 0.8573,                0.77712,                  1.367,                0.96136,                0.91254,                0.98553,                0.78623,                0.81271,                0.51855,                 1.4311,              0.0004976,              0.0004976,              0.0004976
                    155,                0.83907,                0.77548,                 1.3334,                0.94974,                0.97505,                0.99125,                0.83068,                0.73708,                0.50801,                   1.35,             0.00049265,             0.00049265,             0.00049265
                    156,                0.85462,                  0.769,                   1.36,                0.96765,                0.98241,                0.99455,                0.81113,                0.78266,                0.51529,                 1.3785,              0.0004877,              0.0004877,              0.0004877
                    157,                0.82811,                0.75442,                 1.3318,                0.96137,                0.95078,                0.99389,                0.82201,                0.74069,                0.50265,                 1.3608,             0.00048275,             0.00048275,             0.00048275
                    158,                0.83583,                0.78127,                  1.351,                 0.8995,                0.98439,                0.99149,                0.75657,                0.88706,                 0.5819,                 1.4746,              0.0004778,              0.0004778,              0.0004778
                    159,                0.85697,                0.76811,                 1.3534,                0.91733,                0.95142,                0.98715,                0.79606,                0.79877,                0.57587,                 1.4322,             0.00047285,             0.00047285,             0.00047285
                    160,                0.87132,                0.77001,                 1.3489,                0.98575,                0.94253,                 0.9933,                0.75761,                0.91743,                0.52826,                 1.5418,              0.0004679,              0.0004679,              0.0004679
                    161,                0.82579,                0.75538,                 1.3205,                0.98345,                0.95161,                 0.9933,                0.80358,                0.79436,                0.47875,                  1.447,             0.00046295,             0.00046295,             0.00046295
                    162,                0.82004,                0.76137,                 1.3226,                0.95619,                0.98248,                 0.9934,                0.72626,                0.99023,                0.53131,                 1.6147,               0.000458,               0.000458,               0.000458
                    163,                0.82692,                0.72619,                 1.3417,                0.93053,                0.97734,                  0.995,                0.80666,                 0.7821,                0.52439,                 1.3985,             0.00045305,             0.00045305,             0.00045305
                    164,                0.80666,                0.74928,                 1.3277,                0.95185,                0.98433,                  0.995,                0.79452,                0.82077,                 0.4786,                 1.4395,              0.0004481,              0.0004481,              0.0004481
                    165,                   0.82,                0.71218,                 1.3569,                 0.9684,                0.96876,                0.99434,                0.75377,                0.94658,                0.51136,                 1.5901,             0.00044315,             0.00044315,             0.00044315
                    166,                0.83547,                0.76508,                 1.3392,                0.96392,                0.93974,                0.99247,                0.79247,                0.82145,                0.49145,                 1.4104,              0.0004382,              0.0004382,              0.0004382
                    167,                0.79358,                0.74716,                 1.3402,                0.95204,                0.99556,                0.99375,                 0.8106,                0.76741,                0.47716,                 1.3844,             0.00043325,             0.00043325,             0.00043325
                    168,                0.78958,                 0.7413,                 1.3178,                0.95558,                0.98921,                  0.995,                0.81459,                0.78451,                0.46389,                 1.3875,              0.0004283,              0.0004283,              0.0004283
                    169,                 0.8185,                0.77579,                 1.3382,                0.96415,                0.98847,                  0.995,                0.80877,                0.79588,                0.46764,                 1.4156,             0.00042335,             0.00042335,             0.00042335
                    170,                0.84972,                0.79036,                 1.3496,                0.97016,                0.96795,                0.99258,                0.80515,                0.82366,                0.50825,                 1.4124,              0.0004184,              0.0004184,              0.0004184
                    171,                0.77874,                0.73125,                 1.3102,                0.98719,                0.92244,                0.99215,                0.81771,                0.75659,                  0.519,                 1.3441,             0.00041345,             0.00041345,             0.00041345
                    172,                0.81253,                0.72783,                 1.3112,                0.95898,                0.97479,                0.99383,                 0.8294,                 0.7496,                0.44929,                 1.3518,              0.0004085,              0.0004085,              0.0004085
                    173,                0.75844,                0.68738,                 1.2954,                0.98382,                0.96537,                  0.995,                0.79489,                0.80484,                0.44685,                 1.4099,             0.00040355,             0.00040355,             0.00040355
                    174,                 0.7801,                0.77818,                 1.3108,                0.97876,                0.98505,                0.99413,                  0.798,                0.81243,                0.46364,                 1.4213,              0.0003986,              0.0003986,              0.0003986
                    175,                0.77991,                 0.7113,                 1.3016,                0.98486,                0.97302,                 0.9934,                0.81455,                0.75566,                0.49806,                 1.3687,             0.00039365,             0.00039365,             0.00039365
                    176,                0.77279,                0.70173,                  1.296,                0.98153,                0.92809,                 0.9884,                 0.8037,                0.78791,                0.48803,                 1.3966,              0.0003887,              0.0003887,              0.0003887
                    177,                0.76544,                0.74532,                 1.3058,                0.96631,                0.97688,                0.99338,                0.80095,                0.77394,                0.47146,                 1.4028,             0.00038375,             0.00038375,             0.00038375
                    178,                0.77139,                0.74183,                 1.2957,                0.93633,                 0.9548,                0.98958,                0.80659,                0.76277,                0.50546,                 1.3711,              0.0003788,              0.0003788,              0.0003788
                    179,                0.82001,                0.75587,                 1.3356,                0.98934,                 0.9881,                0.99083,                0.81366,                0.75324,                0.45554,                 1.3461,             0.00037385,             0.00037385,             0.00037385
                    180,                0.76458,                0.67845,                 1.2985,                0.97936,                0.99556,                  0.995,                0.81951,                0.76334,                0.46765,                 1.3568,              0.0003689,              0.0003689,              0.0003689
                    181,                0.80288,                0.70429,                 1.3112,                0.97968,                0.97599,                  0.995,                0.81422,                0.76688,                0.45631,                 1.3734,             0.00036395,             0.00036395,             0.00036395
                    182,                0.74025,                0.67053,                  1.268,                 0.9481,                0.99913,                  0.995,                0.81093,                0.79209,                0.44997,                 1.4069,               0.000359,               0.000359,               0.000359
                    183,                0.76336,                0.69022,                 1.2921,                0.98862,                0.96611,                  0.995,                0.80957,                0.79426,                0.45142,                 1.4005,             0.00035405,             0.00035405,             0.00035405
                    184,                0.78376,                0.72088,                 1.2988,                0.97787,                 0.9881,                0.99455,                0.82398,                0.76432,                0.42626,                 1.3697,              0.0003491,              0.0003491,              0.0003491
                    185,                0.75537,                0.69645,                 1.2802,                 0.9608,                 0.9881,                 0.9931,                0.80045,                 0.8242,                0.45637,                 1.4281,             0.00034415,             0.00034415,             0.00034415
                    186,                0.75798,                0.69322,                 1.2874,                0.98233,                 0.9881,                0.99455,                0.81217,                0.77175,                0.43844,                 1.3845,              0.0003392,              0.0003392,              0.0003392
                    187,                 0.7731,                0.69623,                    1.3,                0.97584,                0.96414,                0.99398,                0.81056,                0.80427,                0.44222,                 1.4127,             0.00033425,             0.00033425,             0.00033425
                    188,                0.77906,                0.70556,                 1.3087,                0.94588,                0.99266,                  0.995,                0.81962,                0.78001,                0.46984,                 1.3903,              0.0003293,              0.0003293,              0.0003293
                    189,                0.74015,                0.67898,                 1.2566,                0.98161,                0.98577,                  0.995,                0.82308,                0.74407,                0.44377,                 1.3429,             0.00032435,             0.00032435,             0.00032435
                    190,                0.75561,                0.67949,                 1.2968,                0.96416,                      1,                  0.995,                0.79278,                0.79785,                 0.4407,                 1.3905,              0.0003194,              0.0003194,              0.0003194
                    191,                0.75663,                0.69307,                 1.2928,                0.95488,                0.97849,                  0.995,                0.80693,                0.82451,                0.48628,                  1.445,             0.00031445,             0.00031445,             0.00031445
                    192,                0.73225,                0.70858,                 1.2685,                0.94186,                0.99725,                  0.995,                0.81421,                0.77488,                0.48318,                 1.3762,              0.0003095,              0.0003095,              0.0003095
                    193,                0.70483,                0.66024,                 1.2559,                0.96427,                0.96503,                  0.995,                0.81444,                0.75127,                0.47247,                 1.3622,             0.00030455,             0.00030455,             0.00030455
                    194,                0.73234,                0.65049,                 1.2823,                0.96374,                0.97357,                  0.995,                0.82402,                0.73954,                0.43504,                 1.3418,              0.0002996,              0.0002996,              0.0002996
                    195,                0.75663,                0.69699,                 1.2694,                0.97302,                0.98951,                  0.995,                 0.8147,                0.76566,                0.44262,                 1.3937,             0.00029465,             0.00029465,             0.00029465
                    196,                0.71008,                0.65595,                 1.2624,                0.98266,                0.94362,                  0.995,                0.80988,                0.78214,                0.46374,                 1.4243,              0.0002897,              0.0002897,              0.0002897
                    197,                0.73521,                  0.648,                 1.2663,                0.94868,                 0.9711,                  0.995,                0.80785,                0.76995,                0.47439,                 1.3882,             0.00028475,             0.00028475,             0.00028475
                    198,                0.72955,                0.68073,                 1.2655,                0.96581,                  0.969,                 0.9934,                0.81805,                0.79191,                0.48339,                 1.3968,              0.0002798,              0.0002798,              0.0002798
                    199,                0.73366,                0.69575,                 1.2861,                0.99189,                0.97002,                 0.9934,                0.81783,                0.78678,                0.46395,                 1.3907,             0.00027485,             0.00027485,             0.00027485
                    200,                0.74117,                0.68503,                 1.2718,                 0.9916,                0.96699,                0.99455,                0.82604,                0.73677,                0.43505,                  1.356,              0.0002699,              0.0002699,              0.0002699
                    201,                0.72696,                0.65087,                 1.2783,                0.99352,                0.97032,                  0.995,                0.81693,                0.74766,                0.42261,                 1.3527,             0.00026495,             0.00026495,             0.00026495
                    202,                0.73613,                0.64757,                 1.2546,                0.97834,                0.97273,                  0.995,                0.80441,                0.79648,                0.45211,                 1.3978,                0.00026,                0.00026,                0.00026
                    203,                0.75864,                0.65863,                 1.2824,                0.94913,                0.99302,                  0.995,                0.81838,                0.77215,                0.45337,                 1.3665,             0.00025505,             0.00025505,             0.00025505
                    204,                0.78801,                0.69098,                 1.3016,                0.99661,                0.95961,                  0.995,                0.79033,                0.83616,                0.48402,                 1.4183,              0.0002501,              0.0002501,              0.0002501
                    205,                0.73329,                0.67832,                 1.2801,                0.99224,                0.94549,                0.99354,                0.83056,                0.75772,                 0.4546,                 1.3684,             0.00024515,             0.00024515,             0.00024515
                    206,                0.77301,                0.67808,                 1.3026,                0.96079,                0.97706,                0.99375,                0.80847,                0.80047,                0.45429,                 1.4052,              0.0002402,              0.0002402,              0.0002402
                    207,                0.72786,                0.63203,                 1.2716,                 0.9354,                0.98388,                0.99413,                0.82177,                0.76087,                0.46696,                 1.3539,             0.00023525,             0.00023525,             0.00023525
                    208,                0.73253,                0.67031,                 1.2596,                0.98557,                0.98331,                  0.995,                0.82736,                0.72335,                0.42358,                 1.3183,              0.0002303,              0.0002303,              0.0002303
                    209,                0.70504,                0.65772,                 1.2606,                0.98419,                0.97709,                  0.995,                0.80416,                0.76903,                0.42178,                 1.3545,             0.00022535,             0.00022535,             0.00022535
                    210,                 0.7062,                0.67497,                 1.2721,                0.93589,                0.98053,                0.99375,                  0.809,                0.78454,                0.47492,                 1.3628,              0.0002204,              0.0002204,              0.0002204
                    211,                0.74217,                0.67237,                  1.266,                0.98098,                0.94504,                0.99354,                0.81435,                0.77791,                0.45643,                 1.3622,             0.00021545,             0.00021545,             0.00021545
                    212,                0.71237,                0.64621,                 1.2444,                0.98897,                0.95988,                0.99455,                0.82561,                 0.7355,                0.44685,                 1.3392,              0.0002105,              0.0002105,              0.0002105
                    213,                 0.7176,                0.63377,                 1.2622,                0.99141,                0.95994,                  0.995,                0.80816,                0.79874,                0.45572,                 1.3811,             0.00020555,             0.00020555,             0.00020555
                    214,                0.70357,                0.65181,                 1.2548,                0.99009,                0.96464,                  0.995,                0.82328,                0.73824,                0.43361,                 1.3226,              0.0002006,              0.0002006,              0.0002006
                    215,                0.71131,                0.65762,                 1.2565,                 0.9927,                0.96678,                0.99455,                0.83714,                0.73988,                0.43006,                 1.3266,             0.00019565,             0.00019565,             0.00019565
                    216,                0.68742,                0.58612,                 1.2118,                0.99348,                0.97096,                0.99455,                 0.8344,                0.73102,                0.42525,                 1.3251,              0.0001907,              0.0001907,              0.0001907
                    217,                0.69734,                0.64165,                 1.2562,                0.99174,                0.96862,                  0.995,                  0.824,                0.75016,                 0.4249,                 1.3561,             0.00018575,             0.00018575,             0.00018575
                    218,                0.71897,                0.64349,                 1.2567,                0.99034,                0.97523,                  0.995,                0.80359,                0.79599,                0.44731,                 1.4149,              0.0001808,              0.0001808,              0.0001808
                    219,                0.72358,                0.64108,                 1.2739,                0.98399,                 0.9838,                  0.995,                0.81732,                0.79113,                0.43536,                 1.4007,             0.00017585,             0.00017585,             0.00017585
                    220,                0.69359,                0.63682,                 1.2509,                 0.9821,                0.98537,                0.99455,                0.80956,                0.78896,                0.42291,                 1.3873,              0.0001709,              0.0001709,              0.0001709
                    221,                0.70073,                0.65797,                 1.2504,                0.98193,                0.97735,                  0.995,                0.82658,                0.74188,                0.41794,                 1.3344,             0.00016595,             0.00016595,             0.00016595
                    222,                0.70521,                0.63627,                 1.2598,                0.98763,                0.97283,                  0.995,                0.83699,                0.70987,                 0.4088,                 1.3011,               0.000161,               0.000161,               0.000161
                    223,                0.70477,                0.63085,                 1.2556,                0.99174,                0.97858,                  0.995,                0.83909,                0.71642,                0.40207,                 1.3175,             0.00015605,             0.00015605,             0.00015605
                    224,                0.73316,                0.66374,                 1.2867,                0.98914,                0.97771,                  0.995,                0.82537,                0.72243,                0.41384,                  1.321,              0.0001511,              0.0001511,              0.0001511
                    225,                0.69445,                0.63465,                 1.2378,                0.97469,                 0.9774,                  0.995,                0.83247,                0.73047,                0.41892,                 1.3245,             0.00014615,             0.00014615,             0.00014615
                    226,                0.69185,                0.63486,                 1.2347,                0.97766,                0.97922,                  0.995,                0.83004,                0.72934,                0.41047,                  1.321,              0.0001412,              0.0001412,              0.0001412
                    227,                0.69277,                0.63215,                 1.2484,                0.96741,                0.99639,                  0.995,                0.83637,                0.71377,                0.40155,                 1.3067,             0.00013625,             0.00013625,             0.00013625
                    228,                0.68101,                0.62798,                 1.2425,                0.97113,                0.98999,                  0.995,                0.82948,                0.71721,                0.40054,                 1.3178,              0.0001313,              0.0001313,              0.0001313
                    229,                0.66835,                0.57733,                 1.2269,                0.99498,                0.96666,                0.99455,                0.83536,                0.71442,                0.40706,                 1.3135,             0.00012635,             0.00012635,             0.00012635
                    230,                0.66142,                0.58911,                 1.2227,                0.97752,                0.98843,                  0.995,                0.84456,                0.71891,                0.41146,                 1.3083,              0.0001214,              0.0001214,              0.0001214
                    231,                0.67882,                0.59683,                 1.2281,                0.98433,                0.98696,                  0.995,                0.82183,                0.73383,                0.42789,                 1.3259,             0.00011645,             0.00011645,             0.00011645
                    232,                0.66399,                0.60405,                 1.2279,                0.98777,                 0.9826,                  0.995,                0.83185,                0.71637,                0.42151,                 1.3064,              0.0001115,              0.0001115,              0.0001115
                    233,                0.65642,                0.59476,                 1.2248,                0.98782,                0.97855,                  0.995,                0.83238,                0.70517,                0.41113,                 1.2983,             0.00010655,             0.00010655,             0.00010655
                    234,                0.66267,                0.62011,                 1.2411,                0.97783,                0.98456,                  0.995,                 0.8356,                0.69548,                0.40683,                  1.288,              0.0001016,              0.0001016,              0.0001016
                    235,                0.68227,                0.61745,                 1.2337,                0.97843,                0.98482,                0.99455,                0.83229,                0.69681,                0.40293,                 1.2845,              9.665e-05,              9.665e-05,              9.665e-05
                    236,                0.68358,                0.59008,                 1.2443,                 0.9798,                0.98392,                  0.995,                0.82905,                0.70884,                0.40496,                 1.2932,               9.17e-05,               9.17e-05,               9.17e-05
                    237,                0.67973,                0.62387,                 1.2352,                 0.9878,                0.97941,                  0.995,                0.82835,                0.72091,                0.41026,                 1.3083,              8.675e-05,              8.675e-05,              8.675e-05
                    238,                0.65778,                0.57784,                 1.2365,                0.99019,                0.98216,                0.99455,                0.82925,                0.72278,                0.41235,                 1.3143,               8.18e-05,               8.18e-05,               8.18e-05
                    239,                0.65553,                0.58971,                 1.2176,                0.98297,                 0.9864,                  0.995,                0.83606,                0.71304,                 0.4169,                 1.3117,              7.685e-05,              7.685e-05,              7.685e-05
                    240,                0.64325,                0.58822,                 1.2079,                 0.9811,                0.98441,                  0.995,                0.83801,                0.70397,                0.41291,                 1.3004,               7.19e-05,               7.19e-05,               7.19e-05
                    241,                0.66076,                0.60363,                 1.3612,                 0.9916,                0.97944,                  0.995,                 0.8396,                 0.7014,                0.41835,                 1.2975,              6.695e-05,              6.695e-05,              6.695e-05
                    242,                0.59265,                0.47532,                 1.2979,                0.99355,                 0.9773,                  0.995,                0.81824,                0.72957,                0.43133,                 1.3455,                6.2e-05,                6.2e-05,                6.2e-05
                    243,                 0.5666,                0.45163,                  1.314,                0.99027,                0.97669,                  0.995,                0.82342,                0.73215,                0.42229,                  1.354,              5.705e-05,              5.705e-05,              5.705e-05
                    244,                0.56138,                0.43907,                 1.2893,                0.99114,                0.97762,                  0.995,                0.82252,                0.72961,                0.42127,                 1.3429,               5.21e-05,               5.21e-05,               5.21e-05
                    245,                0.52572,                0.42485,                 1.2482,                0.99181,                0.97789,                  0.995,                 0.8318,                0.72127,                0.42057,                 1.3228,              4.715e-05,              4.715e-05,              4.715e-05
                    246,                0.50207,                0.37999,                 1.2175,                0.99295,                0.97803,                  0.995,                0.83524,                0.71636,                0.42028,                  1.307,               4.22e-05,               4.22e-05,               4.22e-05
                    247,                0.52121,                0.39677,                 1.2329,                0.99202,                0.97785,                  0.995,                0.83769,                0.70259,                0.42344,                 1.2971,              3.725e-05,              3.725e-05,              3.725e-05
                    248,                0.51393,                0.37314,                 1.2258,                0.98989,                0.97736,                  0.995,                0.84435,                0.69956,                0.42192,                 1.2972,               3.23e-05,               3.23e-05,               3.23e-05
                    249,                0.51462,                0.40186,                 1.2341,                0.98873,                0.97679,                  0.995,                0.84488,                0.69893,                0.42136,                 1.2975,              2.735e-05,              2.735e-05,              2.735e-05
                    250,                0.47661,                0.35798,                 1.1951,                0.98974,                0.97762,                  0.995,                0.84634,                0.69641,                0.42197,                 1.2915,               2.24e-05,               2.24e-05,               2.24e-05
